tconst,budget,box_office
tt0111161,25000000.0,28906619.0
tt0468569,185000000.0,1008486720.0
tt1375666,160000000.0,839030630.0
tt0137523,63000000.0,101320107.0
tt0109830,55000000.0,678226465.0
tt0110912,8000000.0,213928762.0
tt0816692,165000000.0,733202212.0
tt0133093,63000000.0,467623299.0
tt0068646,6000000.0,250342030.0
tt0120737,93000000.0,884041698.0
tt0167260,94000000.0,1156598523.0
tt1345836,250000000.0,1085289416.0
tt0114369,33000000.0,327333559.0
tt0167261,94000000.0,948945489.0
tt1853728,100000000.0,426076293.0
tt0172495,103000000.0,465387186.0
tt0361748,70000000.0,321458605.0
tt0993846,100000000.0,407039432.0
tt0372784,150000000.0,375325692.0
tt0102926,19000000.0,272742922.0
tt0120815,70000000.0,482351251.0
tt7286456,55000000.0,1078958629.0
tt0848228,220000000.0,1520538536.0
tt1130884,80000000.0,294850027.0
tt0076759,11000000.0,775398507.0
tt0108052,22000000.0,322161245.0
tt0482571,40000000.0,109676311.0
tt0407887,90000000.0,291481358.0
tt0120689,60000000.0,286801374.0
tt0499549,237000000.0,2923706026.0
tt0080684,18000000.0,538375067.0
tt0071562,13000000.0,47962897.0
tt0209144,9000000.0,40047236.0
tt0088763,19000000.0,384577472.0
tt0120338,200000000.0,2264750694.0
tt2015381,170000000.0,773350376.0
tt4154796,356000000.0,2799439100.0
tt0099685,25000000.0,47049784.0
tt0110413,115000000.0,19570198.0
tt0169547,15000000.0,356296601.0
tt0325980,140000000.0,654264546.0
tt4154756,321000000.0,2052415039.0
tt0910970,180000000.0,521320168.0
tt0120382,60000000.0,264118712.0
tt0266697,30000000.0,180908413.0
tt0120586,20000000.0,23875714.0
tt0434409,54000000.0,134686457.0
tt0103064,102000000.0,520881154.0
tt0114814,6000000.0,23341568.0
tt0110357,45000000.0,968750694.0
tt1431045,58000000.0,782837347.0
tt0371746,140000000.0,585796247.0
tt1049413,175000000.0,735102136.0
tt0086190,32500000.0,475106177.0
tt0266543,94000000.0,941637960.0
tt0081505,19000000.0,47380008.0
tt0264464,52000000.0,352114312.0
tt0112573,72000000.0,213216216.0
tt0105236,1200000.0,2930208.0
tt1392190,150000000.0,380418444.0
tt0338013,20000000.0,73390334.0
tt0073486,3000000.0,109114987.0
tt0114709,30000000.0,394436586.0
tt2267998,61000000.0,369330536.0
tt0119217,10000000.0,225933435.0
tt0107290,63000000.0,1114456337.0
tt0477348,25000000.0,171632777.0
tt0167404,40000000.0,672806432.0
tt0082971,18000000.0,389925971.0
tt1392170,78000000.0,695220619.0
tt0268978,58000000.0,316791257.0
tt2582802,3300000.0,49449489.0
tt0198781,115000000.0,579723768.0
tt2488496,245000000.0,2071310218.0
tt6751668,11400000.0,262099264.0
tt0078748,11000000.0,106285522.0
tt1201607,125000000.0,1356962211.0
tt0095016,28000000.0,143651650.0
tt1675434,9500000.0,426590315.0
tt3659388,108000000.0,630620818.0
tt0088247,6400000.0,78371200.0
tt2395427,250000000.0,1405018048.0
tt0075314,1300000.0,28579636.0
tt0086250,50000000.0,66443303.0
tt0253474,35000000.0,120098945.0
tt0208092,6000000.0,83557872.0
tt0800369,150000000.0,449326618.0
tt1300854,200000000.0,1215577205.0
tt1843866,170000000.0,714421503.0
tt0180093,4500000.0,7390108.0
tt0458339,140000000.0,370569774.0
tt0435761,200000000.0,1067316101.0
tt2278388,25000000.0,174567384.0
tt0066921,2200000.0,27023100.0
tt0145487,139000000.0,825025036.0
tt1010048,15000000.0,378411362.0
tt10872600,200000000.0,1921847111.0
tt1663202,135000000.0,532950503.0
tt0903624,180000000.0,1017106749.0
tt1228705,200000000.0,623933331.0
tt0416449,65000000.0,456082343.0
tt1454468,100000000.0,773031617.0
tt0050083,350000.0,2667.0
tt0118715,15000000.0,48066229.0
tt0120915,115000000.0,1027083462.0
tt0241527,125000000.0,1024465951.0
tt0246578,6000000.0,7088397.0
tt3498820,250000000.0,1155046416.0
tt7131622,90000000.0,377617681.0
tt1119646,35000000.0,469328922.0
tt0121766,113000000.0,868390560.0
tt1160419,165000000.0,407573628.0
tt1825683,200000000.0,1349926083.0
tt3315342,97000000.0,619180476.0
tt2084970,14000000.0,233555708.0
tt0947798,13000000.0,329398046.0
tt0382932,150000000.0,623728318.0
tt0083658,28000000.0,41754158.0
tt3501632,180000000.0,855301806.0
tt1205489,33000000.0,269958228.0
tt0480249,150000000.0,585410052.0
tt0770828,225000000.0,670145518.0
tt0097576,48000000.0,474171806.0
tt0060196,1200000.0,25259657.0
tt1392214,46000000.0,122127446.0
tt0317705,92000000.0,631686750.0
tt0378194,30000000.0,154118514.0
tt1211837,165000000.0,677796833.0
tt0317248,3300000.0,30680793.0
tt0211915,10000000.0,174919889.0
tt0401792,40000000.0,158733820.0
tt0093058,30000000.0,46361894.0
tt1877830,185000000.0,772245583.0
tt2096673,175000000.0,858852998.0
tt8946378,40000000.0,312897920.0
tt2543164,47000000.0,203389228.0
tt0383574,225000000.0,1066179747.0
tt0090605,18500000.0,131060248.0
tt3896198,200000000.0,863756903.0
tt0121765,115000000.0,653780724.0
tt1285016,40000000.0,224927749.0
tt2975590,250000000.0,874362803.0
tt1877832,200000000.0,746045700.0
tt1045658,21000000.0,236412453.0
tt0118799,20000000.0,230099013.0
tt2024544,20000000.0,187734091.0
tt5013056,100000000.0,530432122.0
tt2911666,20000000.0,86081850.0
tt1631867,178000000.0,370570268.0
tt0126029,60000000.0,488628188.0
tt1074638,200000000.0,1142504419.0
tt0116282,7000000.0,60611975.0
tt0117951,1500000.0,16787952.0
tt1981115,170000000.0,644783140.0
tt1270798,160000000.0,352616690.0
tt1386697,175000000.0,749200054.0
tt0478970,130000000.0,519311965.0
tt0405159,30000000.0,216763646.0
tt1951264,130000000.0,865011746.0
tt0062622,12000000.0,66617663.0
tt0816711,190000000.0,540455876.0
tt0113277,60000000.0,187436818.0
tt2250912,175000000.0,880167151.0
tt0054215,806947.0,32060008.0
tt1136608,30000000.0,210888950.0
tt2802144,81000000.0,414351546.0
tt0144084,7000000.0,34266679.0
tt15398776,100000000.0,970159540.0
tt0078788,31500000.0,104911478.0
tt1504320,15000000.0,484068861.0
tt1670345,75000000.0,351723989.0
tt0316654,200000000.0,788976453.0
tt1170358,225000000.0,959079095.0
tt0780504,15000000.0,78721347.0
tt0457430,19000000.0,83863565.0
tt0948470,230000000.0,757930663.0
tt0451279,149000000.0,823970682.0
tt0421715,150000000.0,335802786.0
tt5052448,4500000.0,255751443.0
tt0381061,150000000.0,616505162.0
tt0449088,300000000.0,961691209.0
tt1745960,170000000.0,1495696292.0
tt0295297,100000000.0,882544885.0
tt0304141,130000000.0,807128888.0
tt3748528,200000000.0,1058684742.0
tt0107048,14600000.0,71108778.0
tt0330373,150000000.0,897468399.0
tt0369610,150000000.0,1671537444.0
tt0418279,150000000.0,709709780.0
tt8579674,95000000.0,384580017.0
tt2527336,317000000.0,1334407706.0
tt0988045,90000000.0,524028679.0
tt3783958,30000000.0,471993409.0
tt1798709,23000000.0,48517427.0
tt0454876,120000000.0,609016565.0
tt2562232,18000000.0,103215094.0
tt2294629,150000000.0,1397045694.0
tt1856101,150000000.0,267691236.0
tt0073195,7000000.0,477220580.0
tt3460252,44000000.0,161217616.0
tt0440963,110000000.0,444100035.0
tt0758758,15000000.0,56676733.0
tt1637725,50000000.0,549368315.0
tt0099785,18000000.0,476684675.0
tt0114746,29000000.0,168839459.0
tt0120903,75000000.0,296339528.0
tt5463162,110000000.0,785896632.0
tt1446714,130000000.0,403354469.0
tt0469494,25000000.0,76186224.0
tt1024648,44500000.0,232325503.0
tt0162222,90000000.0,429632142.0
tt0413300,258000000.0,894983373.0
tt0364569,3000000.0,17542965.0
tt0936501,25000000.0,226837760.0
tt0373889,150000000.0,1003123328.0
tt0829482,20000000.0,170812574.0
tt0234215,150000000.0,741847937.0
tt0075148,960000.0,117251948.0
tt1156398,23600000.0,102392080.0
tt0796366,150000000.0,385681768.0
tt0332280,29000000.0,118262017.0
tt0120363,90000000.0,497375381.0
tt0240772,85000000.0,450717150.0
tt0119488,35000000.0,126216940.0
tt0120735,960000.0,3753929.0
tt0119654,90000000.0,589390539.0
tt1219289,27000000.0,161849455.0
tt4154664,160000000.0,1131416446.0
tt3890160,34000000.0,226945087.0
tt0034583,950000.0,4656207.0
tt0116629,75000000.0,817400891.0
tt1396484,35000000.0,704242888.0
tt2872718,8500000.0,47425835.0
tt1276104,30000000.0,176506819.0
tt11286314,75000000.0,791863.0
tt0926084,125000000.0,960898367.0
tt1232829,42000000.0,201585556.0
tt0443706,65000000.0,84786496.0
tt1343092,105000000.0,353660028.0
tt0417741,250000000.0,934867020.0
tt0365748,4000000.0,38650415.0
tt1250777,30000000.0,96188903.0
tt2119532,40000000.0,180563636.0
tt1727824,52000000.0,910813521.0
tt6723592,205000000.0,365304105.0
tt2380307,175000000.0,814337054.0
tt0470752,15000000.0,37394629.0
tt0450259,100000000.0,171720398.0
tt0181689,102000000.0,358372926.0
tt6644200,17000000.0,340955294.0
tt0409459,130000000.0,185382813.0
tt0258463,60000000.0,214034224.0
tt0290334,110000000.0,407711549.0
tt0343818,120000000.0,353133898.0
tt0096874,40000000.0,332500002.0
tt2310332,250000000.0,962253946.0
tt0071853,229575.0,2812669.0
tt0332452,175000000.0,497409852.0
tt6966692,23000000.0,321752656.0
tt1570728,50000000.0,145086643.0
tt1298650,250000000.0,1046721266.0
tt0112641,52000000.0,116112375.0
tt0454921,55000000.0,307127625.0
tt1318514,93000000.0,481800873.0
tt1022603,7500000.0,60801288.0
tt6320628,160000000.0,1131927996.0
tt5027774,15000000.0,162729321.0
tt1457767,20000000.0,320415166.0
tt1483013,120000000.0,286168572.0
tt4972582,9000000.0,278454417.0
tt0945513,32000000.0,147332697.0
tt0467406,7500000.0,232372830.0
tt1659337,13000000.0,33384127.0
tt2713180,68000000.0,211822697.0
tt0095953,25000000.0,354825435.0
tt2948356,150000000.0,1025521689.0
tt0097165,16400000.0,235860116.0
tt0242653,150000000.0,427344325.0
tt0356910,110000000.0,487287646.0
tt0376994,210000000.0,460435291.0
tt1270797,100000000.0,856085161.0
tt1872181,200000000.0,708982323.0
tt0425112,8000000.0,80578470.0
tt0087469,28000000.0,333107271.0
tt1411697,80000000.0,586764305.0
tt2872732,40000000.0,469058574.0
tt0314331,40000000.0,250215630.0
tt6710474,14300000.0,143411356.0
tt1663662,190000000.0,411002906.0
tt0458525,150000000.0,373062864.0
tt0206634,76000000.0,70596471.0
tt1517268,100000000.0,1445638421.0
tt2179136,58800000.0,547659020.0
tt0367594,150000000.0,474968763.0
tt1229238,145000000.0,694713380.0
tt0099487,20000000.0,86024005.0
tt0800080,150000000.0,264770996.0
tt0047396,1000000.0,37039972.0
tt0289879,13000000.0,96822421.0
tt1477834,160000000.0,1152028393.0
tt0441773,130000000.0,632091832.0
tt0790636,5000000.0,55198285.0
tt0057012,1800000.0,9529170.0
tt0449059,8000000.0,101059124.0
tt1979320,38000000.0,96992516.0
tt0448157,150000000.0,629443428.0
tt4425200,40000000.0,174348632.0
tt1790864,34000000.0,348319861.0
tt3183660,180000000.0,816037575.0
tt0119116,75210000.0,263920180.0
tt1951265,125000000.0,759159711.0
tt1895587,20000000.0,98690254.0
tt0092099,15000000.0,357288178.0
tt2245084,165000000.0,657870525.0
tt1800241,40000000.0,251171807.0
tt0038650,3180000.0,9767242.0
tt1291584,25000000.0,23308615.0
tt1408101,190000000.0,467365246.0
tt0362227,60000000.0,219100084.0
tt1568346,90000000.0,232617430.0
tt0398286,260000000.0,592472813.0
tt2527338,275000000.0,1077022372.0
tt1454029,25000000.0,216639112.0
tt1535109,55000000.0,218791811.0
tt1630029,350000000.0,2320250281.0
tt1430132,120000000.0,414828246.0
tt0367882,185000000.0,786636033.0
tt1840309,85000000.0,288885818.0
tt0335266,4000000.0,118688756.0
tt1099212,37000000.0,408491522.0
tt0372183,75000000.0,290835269.0
tt1723121,37000000.0,269994119.0
tt0327056,25000000.0,156595191.0
tt1677720,175000000.0,607874422.0
tt1596363,28000000.0,133440870.0
tt2980516,15000000.0,123726688.0
tt0099088,40000000.0,245077583.0
tt1515091,125000000.0,543848418.0
tt0101414,25000000.0,424967620.0
tt0974015,300000000.0,661326987.0
tt9419884,200000000.0,955775804.0
tt0319262,125000000.0,552639571.0
tt3397884,30000000.0,84997446.0
tt0407304,132000000.0,603873504.0
tt0887912,15000000.0,49259766.0
tt0217505,100000000.0,193772504.0
tt0139654,45000000.0,104876233.0
tt1535108,115000000.0,286140700.0
tt1950186,97600000.0,225508210.0
tt0830515,200000000.0,589593688.0
tt0325710,140000000.0,454627263.0
tt0117060,80000000.0,457696391.0
tt1499658,35000000.0,209838559.0
tt0317219,120000000.0,461996328.0
tt2103281,170000000.0,710644566.0
tt0405422,26000000.0,177378645.0
tt0387564,1200000.0,103911669.0
tt2379713,245000000.0,880707597.0
tt0458352,35000000.0,326714019.0
tt0084787,15000000.0,19872469.0
tt0033467,839727.0,1702325.0
tt0103639,28000000.0,504050219.0
tt0446029,60000000.0,51691156.0
tt1210166,50000000.0,110206216.0
tt0780536,15000000.0,38938097.0
tt3385516,178000000.0,543934105.0
tt0120616,80000000.0,416064056.0
tt0319061,70000000.0,123235422.0
tt0382625,125000000.0,760006945.0
tt1772341,165000000.0,471222889.0
tt0070047,11000000.0,441306145.0
tt0093773,15000000.0,98268458.0
tt0765429,100000000.0,269755430.0
tt0093779,16000000.0,30957943.0
tt0120591,140000000.0,553712773.0
tt1259521,30000000.0,70038838.0
tt3170832,13000000.0,35402766.0
tt1605783,17000000.0,151672318.0
tt0375679,6500000.0,98410061.0
tt5095030,162000000.0,622674139.0
tt0087332,30000000.0,296578797.0
tt0942385,92000000.0,195703351.0
tt5580390,19400000.0,195243464.0
tt1355644,110000000.0,303144152.0
tt0360717,207000000.0,556906378.0
tt1637688,40000000.0,173930596.0
tt0289043,8000000.0,84661434.0
tt2382320,250000000.0,774153007.0
tt0119567,73000000.0,618638999.0
tt1217209,185000000.0,538983207.0
tt0443453,18000000.0,262552893.0
tt0092005,8000000.0,52290509.0
tt0217869,75000000.0,248118121.0
tt1014759,200000000.0,1025468216.0
tt2584384,14000000.0,93662741.0
tt2283362,90000000.0,995340026.0
tt0831387,160000000.0,524978362.0
tt11564570,40000000.0,13280000.0
tt0091763,6000000.0,138545632.0
tt12361974,300000000.0,
tt0083866,10500000.0,792910554.0
tt0351283,75000000.0,542063846.0
tt0088847,1000000.0,51525171.0
tt0105695,14400000.0,159167799.0
tt1245492,32000000.0,126041322.0
tt9376612,200000000.0,432243292.0
tt0377092,17000000.0,130160481.0
tt1187043,550000000.0,60262836.0
tt0163651,11000000.0,235483004.0
tt0315327,81000000.0,484592874.0
tt0369339,65000000.0,220239925.0
tt1399103,195000000.0,1123794079.0
tt1302006,159000000.0,968853.0
tt0119174,50000000.0,109423648.0
tt0032138,2777000.0,25637669.0
tt1055369,200000000.0,836303693.0
tt0363771,180000000.0,745013115.0
tt0086879,18000000.0,52068956.0
tt0052357,2479000.0,7804803.0
tt3480822,200000000.0,379751655.0
tt6146586,75000000.0,328349908.0
tt12593682,85900000.0,239268602.0
tt6264654,120000000.0,331526598.0
tt0099674,54000000.0,136861392.0
tt0265086,92000000.0,172989651.0
tt0079470,4000000.0,20781763.0
tt0337978,110000000.0,388156011.0
tt1060277,25000000.0,172394180.0
tt0110475,23000000.0,351583407.0
tt0455944,55000000.0,192330738.0
tt0232500,38000000.0,207517995.0
tt1517451,36000000.0,436433122.0
tt0181852,200000000.0,433371112.0
tt1282140,8000000.0,75032374.0
tt1905041,160000000.0,788683342.0
tt0840361,37000000.0,154026136.0
tt0361862,5000000.0,8203235.0
tt2820852,190000000.0,1515342457.0
tt0349903,110000000.0,362744280.0
tt0109686,17000000.0,247290327.0
tt2381249,150000000.0,682716636.0
tt0405094,2000000.0,77357476.0
tt0493464,75000000.0,342463063.0
tt6334354,185000000.0,168717425.0
tt0112864,90000000.0,366101666.0
tt1596343,125000000.0,626140012.0
tt2294449,50000000.0,331333876.0
tt0096895,35000000.0,411569241.0
tt0120912,140000000.0,445135288.0
tt0104431,28000000.0,358994850.0
tt0118971,57000000.0,152944660.0
tt8772262,9000000.0,48059189.0
tt1542344,18000000.0,60738797.0
tt2582846,12000000.0,307168169.0
tt0119094,80000000.0,245676146.0
tt1587310,180000000.0,759853685.0
tt10648342,250000000.0,760928081.0
tt1190080,200000000.0,791217826.0
tt0454848,45000000.0,186003591.0
tt8367814,22000000.0,115175729.0
tt1632708,35000000.0,149542245.0
tt0230600,17000000.0,210002906.0
tt0111257,30000000.0,350448145.0
tt0317919,150000000.0,398479497.0
tt9764362,35000000.0,79628200.0
tt0443543,16500000.0,87892388.0
tt1453405,200000000.0,743559645.0
tt0328107,70000000.0,130834852.0
tt0964517,25000000.0,129190869.0
tt1706620,39200000.0,86758912.0
tt0317740,60000000.0,176070171.0
tt1490017,60000000.0,470759687.0
tt0117571,14000000.0,173046663.0
tt0408236,50000000.0,153383627.0
tt1409024,225000000.0,654213485.0
tt0091042,6000000.0,70737168.0
tt2737304,,
tt0286106,72000000.0,408247917.0
tt9032400,200000000.0,402064899.0
tt2194499,12000000.0,87100748.0
tt0448115,100000000.0,367799011.0
tt0478311,30000000.0,219922417.0
tt0147800,30000000.0,53685286.0
tt0338751,110000000.0,213719942.0
tt0162661,100000000.0,206071502.0
tt0166924,15000000.0,20289986.0
tt1068680,70000000.0,223241637.0
tt0099423,70000000.0,240031274.0
tt0388795,14000000.0,178064141.0
tt0343660,75000000.0,198520934.0
tt0081398,18000000.0,23406933.0
tt3778644,275000000.0,392924807.0
tt2948372,,121977511.0
tt6791350,250000000.0,845555777.0
tt0357413,26000000.0,90710375.0
tt4912910,178000000.0,791658205.0
tt0120755,125000000.0,546388108.0
tt0087843,30000000.0,5475086.0
tt0438488,200000000.0,371353001.0
tt3521164,150000000.0,687229282.0
tt0477347,110000000.0,574482479.0
tt1182345,5000000.0,9760107.0
tt7784604,10000000.0,82729816.0
tt0113497,65000000.0,262821940.0
tt1907668,31000000.0,161772375.0
tt0396269,40000000.0,288485135.0
tt0363163,13500000.0,92181574.0
tt0107688,18000000.0,101692744.0
tt0298130,48000000.0,249348933.0
tt0120663,65000000.0,162260377.0
tt0119396,12000000.0,39693743.0
tt1371111,102000000.0,130516424.0
tt0360486,100000000.0,230884728.0
tt1951266,160000000.0,661456867.0
tt3799694,50000000.0,71261763.0
tt0395169,17500000.0,33882243.0
tt1650062,50000000.0,260095986.0
tt0496806,85000000.0,311312624.0
tt1065073,4000000.0,48137666.0
tt1748122,16000000.0,68265576.0
tt0047478,125000000.0,346258.0
tt0790724,60000000.0,218340595.0
tt1320253,80000000.0,274470394.0
tt2106476,20000000.0,15886373.0
tt4649466,104000000.0,410902662.0
tt0077416,15000000.0,49080126.0
tt0100405,14000000.0,463406268.0
tt0878804,29000000.0,309231694.0
tt2798920,40000000.0,43070915.0
tt1041829,40000000.0,317375435.0
tt1231583,65000000.0,211780824.0
tt0117500,75000000.0,335062621.0
tt1403865,38000000.0,252278285.0
tt0910936,27000000.0,101624843.0
tt0389860,82500000.0,240685326.0
tt1104001,170000000.0,400070496.0
tt0433035,110000000.0,299268508.0
tt0822854,61000000.0,95696996.0
tt0212338,55000000.0,330444045.0
tt0368891,100000000.0,347512318.0
tt2788710,44000000.0,11782625.0
tt1179933,15000000.0,110216998.0
tt0100802,65000000.0,261317921.0
tt0120601,13000000.0,23106795.0
tt0887883,37000000.0,163728902.0
tt0213149,140000000.0,449220945.0
tt0167190,66000000.0,99378985.0
tt0071315,6000000.0,29229859.0
tt1193138,25000000.0,166842739.0
tt0064116,5000000.0,5435312.0
tt3731562,185000000.0,568652812.0
tt0110148,60000000.0,223664608.0
tt0238380,20000000.0,5368217.0
tt1707386,61000000.0,442749679.0
tt7653254,18600000.0,333686.0
tt0053125,3101000.0,149688.0
tt0209163,98000000.0,443284916.0
tt1790809,230000000.0,795922298.0
tt0120667,100000000.0,333535934.0
tt4881806,170000000.0,1310469037.0
tt1306980,8000000.0,41097853.0
tt0125439,42000000.0,363889678.0
tt0163025,93000000.0,368780809.0
tt0359950,90000000.0,188133322.0
tt6857112,20000000.0,256071218.0
tt0116367,19000000.0,25837169.0
tt0884328,18000000.0,57470220.0
tt1037705,80000000.0,157107755.0
tt0094721,15000000.0,74842346.0
tt0112471,2500000.0,5992863.0
tt1591095,1500000.0,100106454.0
tt0970179,150000000.0,185770310.0
tt0399295,50000000.0,72617068.0
tt2322441,40000000.0,569651467.0
tt0386588,70000000.0,371594210.0
tt1951261,103000000.0,362000072.0
tt1645170,65000000.0,179379533.0
tt2771200,160000000.0,1266115964.0
tt0031381,3977000.0,402382193.0
tt0119528,45000000.0,302710615.0
tt0056592,2000000.0,599146.0
tt1638355,75000000.0,110045109.0
tt0119008,35000000.0,124909762.0
tt10366206,100000000.0,440157245.0
tt2109248,210000000.0,1104054072.0
tt4975722,4000000.0,65172611.0
tt0381849,55000000.0,70016220.0
tt0472043,40000000.0,120654337.0
tt0190590,26000000.0,71870729.0
tt1981677,17000000.0,115647737.0
tt0094226,25000000.0,76272360.0
tt0332379,35000000.0,131098967.0
tt3606756,200000000.0,1243225667.0
tt0944835,110000000.0,293503354.0
tt0414387,28000000.0,121616555.0
tt2004420,18000000.0,270665134.0
tt0129387,23000000.0,369884651.0
tt0175880,37000000.0,48453541.0
tt0105323,31000000.0,134095253.0
tt0399201,126000000.0,162949164.0
tt3682448,40000000.0,165478348.0
tt4925292,10000000.0,78987280.0
tt0453467,75000000.0,180557550.0
tt0103776,80000000.0,266940209.0
tt0425210,27000000.0,56308881.0
tt0109040,15000000.0,107217396.0
tt1245526,58000000.0,199006387.0
tt0489099,85000000.0,225132113.0
tt7888964,16000000.0,57510518.0
tt0119177,36000000.0,12533504.0
tt0212720,100000000.0,235926635.0
tt0457939,85000000.0,205891960.0
tt1397280,45000000.0,376152455.0
tt1764651,100000000.0,314975955.0
tt0293662,21000000.0,43928932.0
tt3110958,90000000.0,334897606.0
tt0120201,105000000.0,121214377.0
tt0298203,41000000.0,242875078.0
tt2140479,44000000.0,155560045.0
tt1125849,6000000.0,44734660.0
tt1197624,50000000.0,127944208.0
tt1302011,150000000.0,665692281.0
tt0103644,50000000.0,159814498.0
tt0118880,75000000.0,224012234.0
tt0278504,46000000.0,113758770.0
tt1790885,40000000.0,132820716.0
tt0838283,65000000.0,128110601.0
tt1152836,100000000.0,214104620.0
tt0106977,44000000.0,368875760.0
tt0119822,50000000.0,314178011.0
tt5727208,19000000.0,50023780.0
tt0449467,25000000.0,135330835.0
tt7991608,200000000.0,178143.0
tt1598778,60000000.0,136515867.0
tt1253863,110000000.0,337580051.0
tt1194173,125000000.0,276144750.0
tt15239678,190000000.0,684517808.0
tt0814314,55000000.0,169748929.0
tt0112384,52000000.0,355237933.0
tt5726616,4000000.0,43368603.0
tt0120623,120000000.0,363258859.0
tt0056172,15000000.0,45744187.0
tt0320661,130000000.0,218237071.0
tt1028528,,31126421.0
tt0265666,21000000.0,71442210.0
tt4034228,9000000.0,78988148.0
tt1028532,16000000.0,46749646.0
tt1013752,85000000.0,360405638.0
tt1485796,84000000.0,438550994.0
tt0319343,33000000.0,228936304.0
tt3076658,35000000.0,174178883.0
tt0808151,150000000.0,485930816.0
tt1478338,32500000.0,306442085.0
tt4123430,200000000.0,655755901.0
tt0077651,325000.0,47160342.0
tt1091191,40000000.0,154802912.0
tt0379786,39000000.0,40445129.0
tt9114286,250000000.0,859208836.0
tt2397535,5100000.0,4942449.0
tt4550098,22500000.0,30311857.0
tt0473075,200000000.0,336365676.0
tt2316204,97000000.0,240892187.0
tt2277860,200000000.0,1029266989.0
tt0800039,30000000.0,105833257.0
tt1735898,170000000.0,396592829.0
tt0120669,18500000.0,10680275.0
tt7349950,79000000.0,473123154.0
tt0077631,6000000.0,396271103.0
tt4160708,9900000.0,157761002.0
tt1259571,50000000.0,711048123.0
tt3065204,40000000.0,322811702.0
tt4263482,4000000.0,40423945.0
tt0783233,30000000.0,129266061.0
tt0463985,85000000.0,158968749.0
tt0203009,50000000.0,184934573.0
tt0121164,40000000.0,118133252.0
tt0120611,45000000.0,131211411.0
tt1213663,20000000.0,46091479.0
tt0089218,19000000.0,64527601.0
tt3263904,60000000.0,243870033.0
tt0322259,76000000.0,236353236.0
tt0258000,48000000.0,197079546.0
tt1133985,200000000.0,237201172.0
tt3402236,55000000.0,352794081.0
tt3464902,4000000.0,17581104.0
tt0187078,90000000.0,237202299.0
tt0120812,33000000.0,244721064.0
tt1343727,50000000.0,41037742.0
tt0450385,25000000.0,132963417.0
tt0463854,15000000.0,65048678.0
tt0187393,110000000.0,215294342.0
tt0437086,170000000.0,404980543.0
tt0181875,60000000.0,47387525.0
tt0212985,87000000.0,351692268.0
tt0118884,90000000.0,171120329.0
tt0800320,125000000.0,493214993.0
tt0452623,19000000.0,34612443.0
tt1340138,155000000.0,440603537.0
tt2302755,70000000.0,170270201.0
tt3040964,175000000.0,967724775.0
tt0196229,28000000.0,60780981.0
tt7126948,200000000.0,169601036.0
tt0348150,270000000.0,391081192.0
tt0170016,123000000.0,346654179.0
tt9243946,6000000.0,
tt7349662,15000000.0,93413709.0
tt0097757,40000000.0,211343479.0
tt0289765,78000000.0,209196298.0
tt0107614,25000000.0,441286195.0
tt0099348,22000000.0,424208848.0
tt1817273,15000000.0,47148628.0
tt6139732,183000000.0,1054304000.0
tt0061722,3000000.0,105015318.0
tt1650554,28000000.0,60795985.0
tt0120804,33000000.0,102984862.0
tt1386588,100000000.0,170458922.0
tt0381681,2700000.0,15854926.0
tt0151804,10000000.0,10828256.0
tt0104257,41000000.0,243240178.0
tt0116695,50000000.0,273552592.0
tt2674426,20000000.0,208445075.0
tt0290002,80000000.0,522657936.0
tt0175142,19000000.0,278019771.0
tt0401729,250000000.0,284139100.0
tt0112442,19000000.0,141407024.0
tt0411477,85000000.0,168319243.0
tt0183649,13000000.0,97837138.0
tt0259711,68000000.0,203388341.0
tt0486655,70000000.0,137515140.0
tt0320691,22000000.0,95708457.0
tt0185937,60000.0,248639099.0
tt0257044,80000000.0,181001478.0
tt0338526,160000000.0,300157638.0
tt0053291,2883848.0,200234.0
tt0955308,200000000.0,321669741.0
tt0093870,13000000.0,53427575.0
tt0095765,5000000.0,13020497.0
tt7975244,125000000.0,801693929.0
tt0118749,15000000.0,43117303.0
tt0190332,17000000.0,213978518.0
tt3450958,150000000.0,490719763.0
tt0111503,115000000.0,378882411.0
tt0837562,85000000.0,358375603.0
tt1077368,150000000.0,245527149.0
tt5362988,11000000.0,44202682.0
tt1979376,200000000.0,1073841394.0
tt1922777,3000000.0,82515113.0
tt0070735,5500000.0,156000000.0
tt0195714,23000000.0,112880294.0
tt10838180,190000000.0,157386805.0
tt0803096,160000000.0,439048914.0
tt0286716,137000000.0,245285165.0
tt0075686,4000000.0,38289445.0
tt0215750,68000000.0,96976270.0
tt0368447,60000000.0,256697520.0
tt0486576,130000000.0,301913131.0
tt2024469,50000000.0,222809600.0
tt0432348,4000000.0,147748505.0
tt0093409,15000000.0,120207127.0
tt1375670,80000000.0,271457606.0
tt4046784,61000000.0,312296056.0
tt0083944,15000000.0,125212904.0
tt0221027,53000000.0,83282296.0
tt2381941,50100000.0,159162963.0
tt0059578,600000.0,15000000.0
tt1931533,15000000.0,29347202.0
tt2361509,35000000.0,194764672.0
tt0795421,52000000.0,694665577.0
tt6443346,195000000.0,393452111.0
tt0102057,70000000.0,300854823.0
tt0072890,1800000.0,50001496.0
tt0443272,65000000.0,275293450.0
tt0363547,26000000.0,102280154.0
tt8332922,,297372261.0
tt8228288,,1090116.0
tt0113189,60000000.0,352194034.0
tt1385826,50200000.0,127869379.0
tt0252866,30000000.0,287553595.0
tt0432283,40000000.0,58091759.0
tt1401152,30000000.0,135710029.0
tt0251127,50000000.0,177503042.0
tt1823672,49000000.0,102811889.0
tt0429493,110000000.0,177238796.0
tt0497465,15500000.0,96409830.0
tt1855199,7000000.0,55078146.0
tt3235888,1000000.0,21947454.0
tt6823368,20000000.0,246999039.0
tt0118688,125000000.0,238259307.0
tt0448134,26000000.0,34806812.0
tt1959490,125000000.0,359200044.0
tt0364725,20000000.0,168423227.0
tt0309698,28000000.0,90259536.0
tt0172156,130000000.0,273340010.0
tt6105098,260000000.0,1663079059.0
tt0112462,100000000.0,336567158.0
tt0478087,35000000.0,159808370.0
tt1386703,125000000.0,198467607.0
tt1092026,40000000.0,97984015.0
tt0358273,28000000.0,186797986.0
tt0396171,60000000.0,135039924.0
tt0824747,55000000.0,113398237.0
tt3228774,100000000.0,233503234.0
tt1564367,80000000.0,214945591.0
tt1032755,18000000.0,25742207.0
tt7713068,84500000.0,205537933.0
tt0119643,90000000.0,142940100.0
tt1706593,12000000.0,126636097.0
tt10954984,68000000.0,171235592.0
tt0082096,32000000.0,11488778.0
tt0479884,12000000.0,42931041.0
tt1601913,25000000.0,79781695.0
tt0327597,60000000.0,131788071.0
tt0243155,25000000.0,334273059.0
tt0118583,75000000.0,161376069.0
tt1673434,120000000.0,848593948.0
tt8936646,65000000.0,
tt0087800,1800000.0,25695774.0
tt0765443,25000000.0,56107312.0
tt1325004,68000000.0,698513085.0
tt0080339,3500000.0,83455221.0
tt0059742,8200000.0,159468844.0
tt0045152,2540800.0,2010042.0
tt2935510,90000000.0,127461872.0
tt0825232,45000000.0,175372502.0
tt0976051,32000000.0,108902486.0
tt2293640,74000000.0,1159457503.0
tt0027977,1500000.0,463618.0
tt0985699,75000000.0,201545517.0
tt0120660,90000000.0,250849789.0
tt3079380,65000000.0,235666219.0
tt0057115,4000000.0,230637.0
tt7097896,110000000.0,506863592.0
tt2660888,185000000.0,343471816.0
tt1832382,500000.0,22926076.0
tt0080678,5000000.0,26028672.0
tt1464335,120000000.0,407141258.0
tt1798684,30000000.0,91970827.0
tt0107818,26000000.0,206678440.0
tt0844471,100000000.0,243006136.0
tt5700672,10000000000.0,92767524.0
tt1211956,50000000.0,137328301.0
tt1440129,209000000.0,303025485.0
tt0118655,16500000.0,67711748.0
tt1243957,100000000.0,278780441.0
tt2126355,110000000.0,474609154.0
tt1179904,15000.0,193355933.0
tt0092890,6000000.0,214577242.0
tt2704998,37000000.0,117768230.0
tt4846340,25000000.0,235957472.0
tt1051906,7000000.0,144492724.0
tt2908446,110000000.0,297002527.0
tt0119282,85000000.0,252712101.0
tt1324999,110000000.0,712205856.0
tt7984734,11000000.0,18129854.0
tt0898367,25000000.0,27639579.0
tt0108550,11000000.0,10032765.0
tt1731141,110000000.0,125544024.0
tt1189340,40000000.0,86752352.0
tt4630562,250000000.0,1236009236.0
tt0163978,50000000.0,144056873.0
tt0465234,130000000.0,459242249.0
tt1212450,26000000.0,55404207.0
tt0052618,15000000.0,74437981.0
tt5442430,58000000.0,100541806.0
tt2005151,40000000.0,86434523.0
tt0134847,23000000.0,53187659.0
tt0245712,2000000.0,20908467.0
tt0399146,32000000.0,61385065.0
tt0978764,82000000.0,89792502.0
tt11138512,70000000.0,69633110.0
tt2582782,12000000.0,37999675.0
tt0259324,110000000.0,228738393.0
tt1148204,20000000.0,77912251.0
tt11813216,,49262687.0
tt1033575,20000000.0,177243185.0
tt0110632,34000000.0,50284739.0
tt0183505,51000000.0,149270999.0
tt3741834,12000000.0,140853810.0
tt0144117,6000000.0,30471.0
tt0335345,30000000.0,612060372.0
tt5109784,30000000.0,44516999.0
tt0414993,35000000.0,16468343.0
tt1655442,15000000.0,133471171.0
tt0145660,33000000.0,313701294.0
tt1436562,90000000.0,483866772.0
tt0486822,20000000.0,118114220.0
tt0087363,11000000.0,153908485.0
tt0116483,12000000.0,41205099.0
tt0123755,365000.0,565727.0
tt0448011,50000000.0,183658498.0
tt0250494,18000000.0,141778188.0
tt0479952,150000000.0,603900354.0
tt2229499,3000000.0,39439355.0
tt2321549,2000000.0,10493882.0
tt1959563,30000000.0,183431147.0
tt0120855,130000000.0,448191819.0
tt0435625,3500000.0,57130027.0
tt0117381,30000000.0,102616183.0
tt1464540,60000000.0,149878437.0
tt1289401,144000000.0,229147509.0
tt0914798,12500000.0,40416563.0
tt0315733,20000000.0,60466876.0
tt0485947,47000000.0,3567573.0
tt0112697,12000000.0,56694159.0
tt0117509,14500000.0,147554998.0
tt3281548,40000000.0,218843645.0
tt1210819,215000000.0,260502115.0
tt9603212,291000000.0,567535383.0
tt0462499,50000000.0,113244290.0
tt1016150,,
tt0087538,8000000.0,91121582.0
tt1411238,25000000.0,149228077.0
tt0384537,50000000.0,100605135.0
tt1649419,45000000.0,198087212.0
tt1424381,40000000.0,127233108.0
tt1588173,35000000.0,116980662.0
tt0302886,24000000.0,87135520.0
tt0116996,70000000.0,101381197.0
tt0299658,45000000.0,306776732.0
tt0983193,135000000.0,373994233.0
tt5580036,11000000.0,53939297.0
tt0108399,13000000.0,13088850.0
tt0098635,16000000.0,93274466.0
tt4196776,120000000.0,415484914.0
tt0296572,105000000.0,115900534.0
tt5164214,70000000.0,297795726.0
tt0338348,165000000.0,318321691.0
tt0430922,28000000.0,92649419.0
tt0083987,22000000.0,52767889.0
tt2184339,3000000.0,89328627.0
tt0094737,18000000.0,151927281.0
tt1234721,100000000.0,242688965.0
tt0265208,25000000.0,30381722.0
tt0758774,70000000.0,115900897.0
tt5034838,200000000.0,470116094.0
tt0134119,40000000.0,128801965.0
tt2209764,100000000.0,103039258.0
tt0266915,90000000.0,347325802.0
tt0408306,70000000.0,130982407.0
tt0103874,40000000.0,215862692.0
tt0311113,150000000.0,211622535.0
tt1649418,200000000.0,454023.0
tt0374900,400000.0,46138887.0
tt0117665,44000000.0,165615285.0
tt0373469,15000000.0,15785148.0
tt0032553,2000000.0,972212.0
tt0420223,30000000.0,53653224.0
tt0043014,1752000.0,304474.0
tt2334879,150000000.0,205366737.0
tt0376541,27000000.0,115518219.0
tt0099653,22000000.0,505703557.0
tt6806448,200000000.0,760732926.0
tt1599348,85000000.0,208076205.0
tt6718170,100000000.0,1362027222.0
tt0100157,20000000.0,61277597.0
tt3553976,5000000.0,23149206.0
tt0063522,2300000.0,1003.0
tt0138097,25000000.0,289317794.0
tt0187738,54000000.0,155010032.0
tt0142342,34200000.0,234801895.0
tt5537002,200000000.0,157026901.0
tt1220719,11715578.0,22108789.0
tt3704428,85000000.0,288670284.0
tt0112281,30000000.0,212385533.0
tt2637276,68000000.0,215863606.0
tt0050212,3000000.0,27200463.0
tt1636826,12000000.0,102731865.0
tt0409847,163000000.0,174822325.0
tt5083738,15000000.0,95918706.0
tt0058461,200000.0,14516248.0
tt0109445,27000.0,3151130.0
tt1972591,175000000.0,149175066.0
tt2719848,55000000.0,203427584.0
tt0083907,350000.0,2895590.0
tt0106519,30000000.0,63848322.0
tt0210945,30000000.0,136771683.0
tt2883512,11000000.0,50440695.0
tt0479143,24000000.0,155929020.0
tt0079817,7000000.0,85187855.0
tt14230458,35000000.0,117022347.0
tt2463208,116000000.0,
tt1124035,12500000.0,76338111.0
tt1142988,38000000.0,205599393.0
tt0212346,45000000.0,212742720.0
tt1980209,26000000.0,87305549.0
tt0128853,65000000.0,250821575.0
tt0246460,142000000.0,431971116.0
tt0287978,78000000.0,179179718.0
tt0427944,6500000.0,39323027.0
tt0133152,100000000.0,362211740.0
tt0397892,150000000.0,309979994.0
tt0425061,80000000.0,230685453.0
tt0120655,10000000.0,31429330.0
tt0305224,75000000.0,195745823.0
tt2404435,90000000.0,162360695.0
tt0416320,15000000.0,85638656.0
tt1219827,110000000.0,169846945.0
tt9777666,200000000.0,14400000.0
tt10954600,200000000.0,476071180.0
tt0067992,3000000.0,643423.0
tt1365519,94000000.0,274950803.0
tt0129167,70000000.0,23336145.0
tt1139797,4000000.0,11227336.0
tt0064115,6000000.0,102311305.0
tt11866324,65000000.0,
tt0089927,30000000.0,300473716.0
tt0499448,225000000.0,419665568.0
tt1272878,61000000.0,131940411.0
tt0120917,100000000.0,169701502.0
tt0959337,35000000.0,75981180.0
tt1667889,95000000.0,877244782.0
tt0097428,25000000.0,215394738.0
tt0758752,30000000.0,102820008.0
tt1605630,50000000.0,234989584.0
tt1132620,13000000.0,104414200.0
tt0094898,30000000.0,288752301.0
tt2906216,150000000.0,208177026.0
tt0333766,2500000.0,35825316.0
tt1077258,,11446172.0
tt1321870,60000000.0,105200903.0
tt0295178,63000000.0,296938801.0
tt0356150,25000000.0,22605153.0
tt1305806,2000000.0,35079650.0
tt0207201,70000000.0,374111707.0
tt0079501,300000.0,8773197.0
tt0281358,11800000.0,47494916.0
tt0339291,140000000.0,211468235.0
tt0195685,52000000.0,256271286.0
tt4555426,30000000.0,150847274.0
tt0097958,28000000.0,74540604.0
tt1291150,125000000.0,485004754.0
tt0181865,48000000.0,207515725.0
tt0146316,115000000.0,274703340.0
tt0452608,45000000.0,76014335.0
tt7846844,20000000.0,
tt0488120,,92011561.0
tt0103772,49000000.0,352927224.0
tt0431308,30000000.0,156846321.0
tt1398426,28000000.0,201634991.0
tt5606664,45000000.0,72385286.0
tt1127180,30000000.0,90843550.0
tt1216475,200000000.0,559853036.0
tt0461770,85000000.0,340487869.0
tt2709768,75000000.0,894567999.0
tt0328828,55000000.0,232722935.0
tt1899353,1100000.0,9148519.0
tt0838221,16000000.0,35082468.0
tt1428538,50000000.0,226349749.0
tt1155056,40000000.0,91980359.0
tt0075860,20000000.0,306889114.0
tt0096438,70000000.0,329803958.0
tt4513678,75000000.0,204334455.0
tt0949731,48000000.0,163404284.0
tt0101540,35000000.0,182291969.0
tt0337563,37000000.0,96458118.0
tt0974661,20000000.0,136316880.0
tt3011894,3300000.0,31478893.0
tt0353969,2800000.0,1208481.0
tt0090756,6000000.0,8636706.0
tt0388482,32000000.0,89083229.0
tt0029583,1499000.0,184960747.0
tt1606378,92000000.0,304654182.0
tt1046173,175000000.0,302469017.0
tt2234155,58000000.0,93492844.0
tt2316411,,3468224.0
tt0099810,30000000.0,200512643.0
tt1623205,215000000.0,493311825.0
tt0080455,27500000.0,115229890.0
tt0960144,90000000.0,204313400.0
tt0117705,80000000.0,230594962.0
tt0117998,92000000.0,494580615.0
tt1489889,50000000.0,216940871.0
tt0481369,30000000.0,77677553.0
tt1284575,20000000.0,216197492.0
tt2334873,18000000.0,99104804.0
tt1078912,150000000.0,413106170.0
tt1340800,20000000.0,81515369.0
tt0120630,45000000.0,224888359.0
tt0489270,10000000.0,164874275.0
tt0870154,200000000.0,220889446.0
tt0308644,25000000.0,116650613.0
tt0118929,27000000.0,27200316.0
tt0370263,60000000.0,177427090.0
tt0050825,935000.0,5477.0
tt9620292,,18854166.0
tt0275847,80000000.0,273147061.0
tt1120985,1000000.0,15440333.0
tt0088846,15000000.0,9949953.0
tt0084602,17000000.0,125052898.0
tt0172493,40000000.0,48350205.0
tt0362270,50000000.0,34811819.0
tt1013743,117000000.0,261989769.0
tt0143145,135000000.0,361832400.0
tt5074352,700000000.0,303723636.0
tt0118571,85000000.0,315156409.0
tt1700841,19000000.0,140705322.0
tt0318627,45000000.0,129342769.0
tt13833688,10000000.0,57615635.0
tt0114898,175000000.0,264218220.0
tt0363988,40000000.0,92913171.0
tt0120082,24000000.0,172363301.0
tt0401855,50000000.0,111476513.0
tt1815862,130000000.0,243611982.0
tt0439572,200000000.0,271333313.0
tt2094766,125000000.0,240697856.0
tt0371724,50000000.0,104478416.0
tt0102798,48000000.0,390493908.0
tt1111422,100000000.0,150166126.0
tt3532216,50000000.0,134866593.0
tt0477080,100000000.0,167805466.0
tt0829150,70000000.0,217124280.0
tt4779682,130000000.0,529338515.0
tt0130827,3500000.0,7272637.0
tt0993842,30000000.0,63782078.0
tt11083552,40000000.0,103966489.0
tt1458175,30000000.0,67448651.0
tt0986264,,21897373.0
tt6499752,5000000.0,16706680.0
tt0074285,1800000.0,33801936.0
tt0106856,25000000.0,40903593.0
tt2406566,30000000.0,100014025.0
tt0094012,22700000.0,38119483.0
tt0418763,72000000.0,97076152.0
tt1723811,6500000.0,19123767.0
tt2345759,125000000.0,409231607.0
tt0366551,9000000.0,23936908.0
tt3741700,170000000.0,387300138.0
tt0432021,45000000.0,147717833.0
tt1155076,40000000.0,359126022.0
tt0139134,10500000.0,76347426.0
tt0111282,55000000.0,196567262.0
tt1606389,30000000.0,196114570.0
tt0094625,1100000000.0,3283934.0
tt0120347,110000000.0,333011068.0
tt6565702,200000000.0,252442974.0
tt0056869,2500000.0,54531.0
tt0985694,10500000.0,45491656.0
tt0375063,16000000.0,109706931.0
tt2446042,48000000.0,326479141.0
tt8041270,165000000.0,1001978080.0
tt0120685,130000000.0,379014294.0
tt0268126,19000000.0,32802440.0
tt0814255,95000000.0,226497209.0
tt1655441,25000000.0,65663276.0
tt0058150,3000000.0,51210705.0
tt0109506,23000000.0,50702967.0
tt3569230,30000000.0,42972994.0
tt1560220,42000000.0,122810399.0
tt1213641,59000000.0,105713218.0
tt0086960,13000000.0,316360478.0
tt1469304,69000000.0,177856751.0
tt0241303,25000000.0,152700626.0
tt0102685,24000000.0,83531958.0
tt5519340,90000000.0,
tt0091064,15000000.0,60629159.0
tt0183790,65000000.0,117487481.0
tt2873282,69000000.0,151572634.0
tt1872194,50000000.0,84419388.0
tt2338151,,100370104.0
tt17351924,,21065890.0
tt0116209,27000000.0,231976425.0
tt3416742,1600000.0,7413165.0
tt0756683,200000.0,
tt0366548,100000000.0,384336108.0
tt0120863,52000000.0,98126565.0
tt0415306,72500000.0,163362432.0
tt3631112,45000000.0,173185859.0
tt0810819,15000000.0,64191523.0
tt1255953,6800000.0,6797861.0
tt0106677,6900000.0,8154446.0
tt0307453,75000000.0,374583879.0
tt0061852,4000000.0,205843612.0
tt2557490,40000000.0,87189756.0
tt0050976,150000.0,311212.0
tt0352248,88000000.0,108539911.0
tt0128445,9000000.0,17197718.0
tt1277953,145000000.0,746921274.0
tt0120746,95000000.0,250288523.0
tt0112851,7000000.0,25405445.0
tt0142688,38000000.0,58401898.0
tt2053463,30000000.0,63414135.0
tt1288558,17000000.0,97542952.0
tt0119081,60000000.0,26674415.0
tt1462764,294700000.0,383963057.0
tt0385752,180000000.0,372234864.0
tt3766354,62000000.0,190400157.0
tt2239822,177200000.0,225973340.0
tt0053604,3000000.0,18778738.0
tt1038988,1500000.0,32511655.0
tt0244244,102000000.0,147080413.0
tt0160127,93000000.0,264105545.0
tt8106534,150000000.0,
tt2333784,80000000.0,214657577.0
tt0455590,6000000.0,48618191.0
tt0113247,2590000.0,414607.0
tt0021749,1500000.0,50419.0
tt1527186,7400000.0,17505929.0
tt1646987,150000000.0,301970083.0
tt1488555,52000000.0,75450437.0
tt0375912,4000000.0,11850214.0
tt1059786,80000000.0,178767383.0
tt0122690,55000000.0,41616262.0
tt0398165,82000000.0,191466556.0
tt1617661,176000000.0,184287723.0
tt10288566,,12745392.0
tt0266308,4500000.0,1341324.0
tt1596350,65000000.0,156491279.0
tt0106308,13000000.0,11512575.0
tt4520988,150000000.0,1453683476.0
tt2066051,40000000.0,195320400.0
tt10293406,35000000.0,271009.0
tt12801262,,51074773.0
tt1465522,,5224938.0
tt0082694,3000000.0,23668605.0
tt12747748,,
tt1070874,35000000.0,
tt0106697,57000000.0,58056466.0
tt0272152,68000000.0,65001485.0
tt6450804,185000000.0,261119292.0
tt7144666,18000000.0,161440742.0
tt0096754,70000000.0,90520202.0
tt0063442,5800000.0,32599873.0
tt0443680,30000000.0,15003764.0
tt1596365,17000000.0,128955898.0
tt1229340,50000000.0,173649931.0
tt4857264,4000000.0,31191910.0
tt1355683,53000000.0,99975678.0
tt10272386,6000000.0,24048935.0
tt0054698,2500000.0,590773.0
tt0276751,30000000.0,130549455.0
tt1964418,190000000.0,209035668.0
tt0462322,67000000.0,25422088.0
tt2023587,15000000.0,146428180.0
tt0450278,4800000.0,81979826.0
tt3470600,75000000.0,634338409.0
tt0108160,21000000.0,227927165.0
tt5104604,,64659098.0
tt1661199,95000000.0,542358331.0
tt0120647,75000000.0,349464664.0
tt0293429,55000000.0,84426031.0
tt3104988,30000000.0,239343729.0
tt0146882,30000000.0,47126295.0
tt3062096,75000000.0,220021259.0
tt0327084,80000000.0,339795890.0
tt0389722,30000000.0,75513170.0
tt0200465,20000000.0,64828421.0
tt1935179,,
tt1628841,165000000.0,389681935.0
tt2226417,5000000.0,161919318.0
tt0097733,28000000.0,227853986.0
tt0918940,180000000.0,357243061.0
tt0046912,1400000.0,43308.0
tt0061512,3200000.0,126.0
tt0359013,65000000.0,131977904.0
tt7657566,90000000.0,137307235.0
tt4701182,135000000.0,467989645.0
tt1935859,110000000.0,296482446.0
tt1033643,35000000.0,219375562.0
tt0299977,31000000.0,177395557.0
tt0993840,70000000.0,
tt0104691,40000000.0,75506530.0
tt0078346,55000000.0,300478449.0
tt1583421,130000000.0,375740705.0
tt4209788,30000000.0,59284015.0
tt0107207,13000000.0,65796862.0
tt0978762,8240000.0,1740625.0
tt5715874,,6938106.0
tt0295701,70000000.0,277448382.0
tt0138704,60000.0,3221152.0
tt1231587,36000000.0,64780213.0
tt1560747,32000000.0,28288071.0
tt0058331,6000000.0,103112920.0
tt1226229,40000000.0,91720255.0
tt0017136,6000000.0,1349711.0
tt1217613,70000000.0,211819354.0
tt2170439,42000000.0,107645357.0
tt0145681,73000000.0,151493655.0
tt0307901,5000000.0,23932055.0
tt2231461,120000000.0,428128399.0
tt0095705,12000000.0,78756177.0
tt0478304,32000000.0,58409247.0
tt0109707,18000000.0,5887725.0
tt0311429,78000000.0,179265204.0
tt7556122,70000000.0,
tt0072271,140000.0,30861288.0
tt0454841,15000000.0,70009308.0
tt9770150,5000000.0,39458207.0
tt0293564,140000000.0,258097122.0
tt0072684,11000000.0,260131.0
tt0110322,30000000.0,160638883.0
tt1809398,65000000.0,161459297.0
tt5848272,175000000.0,529323962.0
tt5884052,150000000.0,450063166.0
tt1007028,24000000.0,42784344.0
tt0089880,44000000.0,300400432.0
tt1001508,40000000.0,178866158.0
tt0100403,35000000.0,57120318.0
tt9484998,,1512871.0
tt0055254,4000000.0,215880014.0
tt1860357,110000000.0,121790373.0
tt0092991,3600000.0,5927630.0
tt0041959,,1233079.0
tt0309593,26000000.0,90941129.0
tt0387808,2400000.0,495652.0
tt7798634,6000000.0,57615777.0
tt4244994,100000000.0,30552111.0
tt0117913,40000000.0,152266007.0
tt2404463,43000000.0,229930771.0
tt1136617,,455301.0
tt1821694,84000000.0,148075565.0
tt0120188,75000000.0,107752036.0
tt0986263,80000000.0,122444772.0
tt0042876,250000.0,117668.0
tt0140352,90000000.0,60289912.0
tt1013753,20000000.0,54662930.0
tt0380510,65000000.0,93621340.0
tt0101272,30000000.0,191502426.0
tt0084516,10700000.0,77231990.0
tt0055928,1000000.0,16120643.0
tt1528100,140000000.0,268175631.0
tt1220634,60000000.0,300228084.0
tt15791034,4500000.0,45352337.0
tt4776998,90000000.0,12448676.0
tt0120744,35000000.0,182968902.0
tt0372588,32000000.0,50826898.0
tt0970416,80000000.0,233093859.0
tt2369135,66000000.0,203277636.0
tt2080374,30000000.0,34441873.0
tt0104714,35000000.0,321731527.0
tt0087182,40000000.0,30983782.0
tt2543472,20000000.0,315025930.0
tt0215129,16000000.0,119754278.0
tt0120484,23000000.0,185991646.0
tt10028196,1800000000.0,12093536.0
tt0115798,47000000.0,102825796.0
tt0177789,45000000.0,90683916.0
tt1411250,38000000.0,98337295.0
tt0177971,140000000.0,328718434.0
tt0465494,24000000.0,101276318.0
tt0445934,61000000.0,145710347.0
tt0272338,25000000.0,24679535.0
tt7322224,10000000.0,26214659.0
tt1129442,30000000.0,108979549.0
tt4276820,25000000.0,24121245.0
tt0346491,155000000.0,167298192.0
tt1502712,120000000.0,167882881.0
tt1253864,75000000.0,226904017.0
tt0349683,120000000.0,203567857.0
tt9639470,43000000.0,22957625.0
tt0454945,20000000.0,57194667.0
tt3393786,60000000.0,162146076.0
tt3322940,6500000.0,257589952.0
tt0040522,133000.0,450159.0
tt0257106,45000000.0,141220678.0
tt1502397,90000000.0,426505244.0
tt0988595,30000000.0,162655351.0
tt0938283,150000000.0,319713881.0
tt0088944,10000000.0,57491000.0
tt0117008,36000000.0,33460154.0
tt0442933,150000000.0,196393745.0
tt0274166,40000000.0,160466000.0
tt0465538,25000000.0,92991835.0
tt0042332,2900000.0,96383330.0
tt0832266,,55990299.0
tt0398808,17000000.0,137587063.0
tt6856242,100000000.0,125897478.0
tt0103074,16500000.0,45471770.0
tt0122151,140000000.0,285444603.0
tt4116284,80000000.0,312336671.0
tt1279935,55000000.0,152263880.0
tt4016934,10000000000.0,37863670.0
tt2209418,3000000.0,20848560.0
tt4178092,5000000.0,58980521.0
tt0408790,55000000.0,223387299.0
tt0393162,30000000.0,76669554.0
tt0472399,40000000.0,76130093.0
tt0116583,100000000.0,325338851.0
tt5109280,,130423032.0
tt1262416,40000000.0,97231420.0
tt13560574,1000000.0,14740889.0
tt1335975,175000000.0,151783839.0
tt1139328,45000000.0,60331447.0
tt0105793,20000000.0,183097323.0
tt0859163,145000000.0,403449830.0
tt0330793,33000000.0,54700105.0
tt0458481,65000000.0,39407616.0
tt0074958,3800000.0,23692346.0
tt2848292,29000000.0,287144079.0
tt5814060,22000000.0,366082797.0
tt2140373,35000000.0,117867984.0
tt0498380,19000000.0,68673228.0
tt0963966,150000000.0,215283742.0
tt4123432,200000000.0,407150844.0
tt0102138,40000000.0,205405498.0
tt0285823,29000000.0,98769390.0
tt6155172,,1140769.0
tt7146812,175000000.0,141940042.0
tt3640424,85000000.0,119520023.0
tt3300542,60000000.0,205754447.0
tt2191701,80000000.0,246984278.0
tt0159097,9000000.0,10410044.0
tt1502407,10000000.0,259939869.0
tt0072431,2800000.0,86274406.0
tt1091722,,17164820.0
tt0085334,3300000.0,20791797.0
tt3371366,217000000.0,605425157.0
tt1462758,3000000.0,19439764.0
tt1618434,,
tt0022100,,35566.0
tt0066999,4000000.0,35988495.0
tt0424136,950000.0,7022209.0
tt1057500,60000000.0,122426792.0
tt6412452,,
tt0834001,35000000.0,92158961.0
tt0822832,60000000.0,255743968.0
tt1242460,7000000.0,9232318.0
tt0093894,27000000.0,38122105.0
tt8079248,26000000.0,154608856.0
tt0036775,927262.0,19324.0
tt0120891,170000000.0,222104681.0
tt1563738,15000000.0,59389433.0
tt0266987,115000000.0,143049560.0
tt8178634,3500000000.0,166611197.0
tt1980929,8000000.0,84142811.0
tt0073629,1200000.0,115630976.0
tt10640346,110000000.0,63562440.0
tt0118694,,15062886.0
tt0033870,375000.0,36941.0
tt5052474,35000000.0,75837743.0
tt16419074,90000000.0,90060106.0
tt0780521,105000000.0,267056816.0
tt0435705,70000000.0,77621983.0
tt0980970,155000000.0,415686217.0
tt0097523,18000000.0,222724172.0
tt0109831,4400000.0,245700832.0
tt0108358,25000000.0,56505065.0
tt1189073,10002914.0,33716389.0
tt1568911,66000000.0,177584879.0
tt0086465,15000000.0,90404800.0
tt0094291,15000000.0,43848069.0
tt7740496,60000000.0,39629195.0
tt0990407,120000000.0,227817248.0
tt0890870,10000000.0,139352633.0
tt0047296,910000.0,2719.0
tt6628394,32000000.0,31882724.0
tt10366460,10000000.0,1905058.0
tt1267297,100000000.0,244819862.0
tt0120681,35000000.0,74558115.0
tt3521126,10000000.0,29820616.0
tt0120587,105000000.0,171757863.0
tt0134084,40000000.0,161834276.0
tt0464141,3400000.0,78638987.0
tt0107362,85000000.0,137298489.0
tt2042568,11000000.0,32962157.0
tt0247638,26000000.0,165335153.0
tt2278871,4000000.0,19465835.0
tt3774114,40000000.0,37357216.0
tt0381707,37000000.0,113100873.0
tt5308322,4800000.0,125479266.0
tt0099938,15000000.0,201957688.0
tt0082198,20000000.0,68851475.0
tt7040874,20000000.0,97644617.0
tt6266538,60000000.0,76073488.0
tt0120888,18000000.0,123307685.0
tt2975578,9000000.0,111928365.0
tt4500922,62000000.0,288175335.0
tt5439796,29000000.0,48453605.0
tt1600196,12600000.0,18658381.0
tt6294822,50000000.0,193764664.0
tt5433138,200000000.0,726229501.0
tt0358082,75000000.0,262511490.0
tt0385002,,3814717.0
tt1611224,69000000.0,116471580.0
tt0122933,80000000.0,176885658.0
tt0340855,8000000.0,58469210.0
tt1714206,2500000.0,6918591.0
tt1496025,70000000.0,160112671.0
tt0261392,22000000.0,33788161.0
tt0093437,8500000.0,32515258.0
tt4873118,55000000.0,21632392.0
tt0053285,6000000.0,51600401.0
tt0106489,22000000.0,17287898.0
tt0397535,85000000.0,162242962.0
tt0473705,60000000.0,87812371.0
tt4172430,50000000.0,69411370.0
tt0128442,12000000.0,22912409.0
tt0093748,15000000.0,49530280.0
tt10954652,18000000.0,90146510.0
tt0032910,2600000.0,121892045.0
tt2692904,2000000.0,5090608.0
tt11214590,75000000.0,153269161.0
tt1188729,33000000.0,20648328.0
tt15474916,17000000.0,217408513.0
tt4566758,200000000.0,69965374.0
tt2120120,88000000.0,244874809.0
tt1121931,20000000.0,34572541.0
tt3794354,85000000.0,319715683.0
tt1568338,42000000.0,47636031.0
tt0276919,10000000.0,16690617.0
tt0099077,31000000.0,52096475.0
tt11245972,24000000.0,137743924.0
tt2554274,55000000.0,74679822.0
tt0306047,48000000.0,220673217.0
tt0119345,17000000.0,125586134.0
tt0452694,39000000.0,101344412.0
tt1441395,13300000.0,7491313.0
tt13320622,68000000.0,192907684.0
tt0989757,25000000.0,114991723.0
tt0410297,40000000.0,114830111.0
tt0350258,40000000.0,123971376.0
tt15671028,45000000.0,87256407.0
tt0080761,550000.0,39916601.0
tt0082340,6000000.0,25274965.0
tt11858890,80000000.0,104272136.0
tt7405458,50000000.0,113190218.0
tt1727388,5000000.0,26474920.0
tt1314655,10000000.0,62695489.0
tt0088323,27000000.0,20286033.0
tt0430105,45000000.0,92374674.0
tt12844910,,128780000.0
tt0112508,10000000.0,26488734.0
tt0780571,20000000.0,48443734.0
tt0159365,79000000.0,173013509.0
tt0107120,28000000.0,50800637.0
tt0120102,70000000.0,131457682.0
tt1403981,16000000.0,56032889.0
tt1034303,32000000.0,51262751.0
tt1638002,,25574387.0
tt0277027,22000000.0,97818302.0
tt6343314,50000000.0,214215889.0
tt5971474,250000000.0,569626289.0
tt0805564,12000000.0,11293663.0
tt0307987,23000000.0,76490995.0
tt0119738,38000000.0,299288605.0
tt0465602,39000000.0,27122238.0
tt0413099,175000000.0,174440724.0
tt0120768,50000000.0,44547681.0
tt0079417,8000000.0,106260000.0
tt0120783,,92146310.0
tt0335438,60000000.0,170268750.0
tt0101507,6500000.0,57532053.0
tt0443274,40000000.0,152039882.0
tt0762107,85000000.0,187134117.0
tt0369441,100000000.0,204681899.0
tt1054606,30000000.0,61808775.0
tt0257076,80000000.0,207725639.0
tt0034492,858000.0,267447150.0
tt0889583,42000000.0,138805831.0
tt0043274,3000000.0,865.0
tt0095159,7500000.0,62493712.0
tt0090728,25000000.0,11102672.0
tt0414982,25000000.0,118890272.0
tt0093105,13000000.0,123922578.0
tt5022702,1000000.0,
tt13143964,,
tt0040746,1500000.0,10883.0
tt1334260,15000000.0,9918093.0
tt1764234,15000000.0,37930465.0
tt0116922,15000000.0,3836866.0
tt5108870,75000000.0,167460961.0
tt0046183,4000000.0,87405539.0
tt0301357,4800000.0,79316957.0
tt0280590,50000000.0,171269535.0
tt7395114,,
tt0322330,20000000.0,160849833.0
tt0324216,9500000.0,107363905.0
tt0071230,2600000.0,119618907.0
tt7959026,50000000.0,174804407.0
tt7984766,23000000.0,126931.0
tt0475394,17000000.0,57232879.0
tt8097030,175000000.0,21813358.0
tt1389137,50000000.0,120081841.0
tt0277434,75000000.0,115374915.0
tt3567288,5000000.0,98450062.0
tt1131734,16000000.0,31558043.0
tt0471042,75000000.0,152930623.0
tt0391198,10000000.0,187281115.0
tt0373074,20000000.0,104882445.0
tt5140878,15000000.0,306592201.0
tt1399683,2000000.0,13796834.0
tt0100507,42000000.0,119946358.0
tt2381111,11000000.0,62402155.0
tt1758830,35000000.0,88215156.0
tt11291274,30000000.0,29116320.0
tt8847712,25000000.0,46333545.0
tt0451079,85000000.0,298572799.0
tt0100814,11000000.0,16668084.0
tt0093822,6000000.0,29180280.0
tt1855325,65000000.0,240159255.0
tt2203939,40000000.0,196710396.0
tt5363618,5400000.0,516520.0
tt1019452,7000000.0,31431652.0
tt0091369,25000000.0,14612367.0
tt1100089,24000000.0,19206513.0
tt1058017,18500000.0,32406507.0
tt0310793,4000000.0,58011975.0
tt0164912,133000000.0,300135367.0
tt2101441,5000000.0,32170399.0
tt1390411,100000000.0,94320758.0
tt0387131,25000000.0,82468097.0
tt0245844,35000000.0,75395048.0
tt0048280,4000000.0,93933673.0
tt9421570,,
tt1939659,30000000.0,84790678.0
tt2180411,50000000.0,212902959.0
tt0804497,8000000.0,6491240.0
tt0472033,30000000.0,48428063.0
tt0106918,42000000.0,270248367.0
tt0046250,1500000.0,22556.0
tt0103855,25000000.0,411046449.0
tt0290673,,6490733.0
tt0089530,10000000.0,36230925.0
tt0088258,2500000.0,4737539.0
tt0079116,8000000.0,43005351.0
tt0091203,16000000.0,5901480.0
tt1915581,7000000.0,167282900.0
tt0079522,9000000.0,40194067.0
tt2561572,40000000.0,111811453.0
tt1351685,195000000.0,197687603.0
tt2283336,110000000.0,253890701.0
tt0112642,55000000.0,288039549.0
tt2854926,28000000.0,78230625.0
tt12263384,,
tt0032976,1288000.0,112282.0
tt0765010,26000000.0,43474578.0
tt0312004,30000000.0,192652752.0
tt0120794,70000000.0,218613188.0
tt2034800,150000000.0,334933831.0
tt1588170,,12966357.0
tt10731256,20000000.0,87609403.0
tt1648190,60000000.0,113231078.0
tt9893250,14000000.0,1351662.0
tt1488606,115000000.0,
tt0242423,13000000.0,73180723.0
tt0120784,90000000.0,161626121.0
tt0905372,38000000.0,31505287.0
tt0253556,60000000.0,82150183.0
tt0277296,60000000.0,180630907.0
tt1549920,45000000.0,48330757.0
tt5776858,35000000.0,48707766.0
tt0057076,2000000.0,24811445.0
tt2222042,30000000.0,1070714.0
tt0096256,4000000.0,13450021.0
tt2096672,40000000.0,169837010.0
tt2446980,60000000.0,101134059.0
tt0325703,95000000.0,160099222.0
tt0417148,33000000.0,62022014.0
tt0256380,40000000.0,141069860.0
tt0259446,5000000.0,368744044.0
tt0079944,1000000.0,395274.0
tt0815236,20000000.0,49779728.0
tt0097441,18000000.0,26979166.0
tt1615147,3500000.0,19504039.0
tt1086772,40000000.0,128006208.0
tt0118842,250000.0,12021272.0
tt8009428,,
tt0343135,42000000.0,178311729.0
tt0251160,36000000.0,102244770.0
tt5462602,5000000.0,56411585.0
tt0790736,130000000.0,78324220.0
tt3316960,5000000.0,44779195.0
tt0482606,9000000.0,82410456.0
tt3829266,88000000.0,160542134.0
tt4052882,17000000.0,119100758.0
tt0475290,22000000.0,63945241.0
tt0054331,12000000.0,1844917.0
tt0327850,85000000.0,80981914.0
tt3152624,35000000.0,140795793.0
tt0947810,100000000.0,113377594.0
tt0134273,40000000.0,96618699.0
tt0249462,5000000.0,109283018.0
tt0149261,60000000.0,164648231.0
tt0263488,10000000.0,59371303.0
tt0816442,19000000.0,76586316.0
tt2402927,11800000.0,40272135.0
tt0292506,46000000.0,101191884.0
tt4786282,4900000.0,149368835.0
tt0100150,14000000.0,5080409.0
tt0481536,12000000.0,43495888.0
tt0033563,950000.0,3890.0
tt4698684,,38560308.0
tt8760708,12000000.0,180089109.0
tt0096928,8500000.0,40509309.0
tt5886046,9000000.0,155712077.0
tt2177771,70000000.0,156706638.0
tt0044079,1200000.0,30403.0
tt3874544,125000000.0,527965936.0
tt2024432,35000000.0,173965010.0
tt1172570,230000.0,2260712.0
tt1634122,45000000.0,160078586.0
tt0379725,7000000.0,49327405.0
tt0424345,5000000.0,26986174.0
tt0093177,1000000.0,14575526.0
tt0104952,11000000.0,64088552.0
tt3531824,19000000.0,85251425.0
tt0095956,63000000.0,189015611.0
tt4846232,4500000.0,3283369.0
tt1878870,9000000.0,19370020.0
tt11271038,40000000.0,33274040.0
tt1571234,100000000.0,83869818.0
tt0384793,23000000.0,38623262.0
tt0404032,19000000.0,145166804.0
tt1924435,17000000.0,138224951.0
tt0106582,70000000.0,255000211.0
tt1034032,50000000.0,40828540.0
tt2388715,5000000.0,44459951.0
tt10638522,4500000.0,92181735.0
tt4062536,5000000.0,3767402.0
tt0063350,114000.0,236452.0
tt0452594,52000000.0,205668210.0
tt1055292,38000000.0,105734416.0
tt1538403,60000000.0,95396573.0
tt0070608,5000000.0,
tt2305051,15000000.0,52501541.0
tt0042192,1400000.0,152366.0
tt0427327,75000000.0,203629185.0
tt0421239,26000000.0,96258201.0
tt3289956,,6170043.0
tt0424095,149000000.0,178281554.0
tt0274558,25000000.0,108846217.0
tt7069210,39000000.0,206431050.0
tt0164052,95000000.0,190213455.0
tt0070511,12000000.0,53267000.0
tt0325805,62000000.0,65565672.0
tt1205537,60000000.0,135503748.0
tt1174732,7500000.0,26096852.0
tt2582496,8000000.0,9074749.0
tt0385880,75000000.0,141861243.0
tt0114069,50000000.0,189859560.0
tt0051201,3000000.0,7693.0
tt1234548,25000000.0,69095771.0
tt1132626,10800000.0,113864059.0
tt0125664,82000000.0,47434430.0
tt0087928,4375000.0,81198894.0
tt1790886,95000000.0,104907746.0
tt0096320,15000000.0,216614388.0
tt1204975,28000000.0,134410488.0
tt2631186,18026148.0,24548038.0
tt0107977,20000000.0,35739755.0
tt0870984,11000000.0,7413863.0
tt0120789,60000000.0,49805462.0
tt9495224,,
tt0251075,80000000.0,98376292.0
tt0918927,20000000.0,51699984.0
tt0089881,11500000.0,4166319.0
tt13345606,12000000.0,147033054.0
tt9620288,50000000.0,39429285.0
tt0161081,100000000.0,291420351.0
tt0443649,105000000.0,269784201.0
tt0067116,1800000.0,51701871.0
tt1448755,70000000.0,57084522.0
tt3488710,35000000.0,61181942.0
tt0117438,80000000.0,309492681.0
tt2692250,127000000.0,363204635.0
tt0184894,55000000.0,99274467.0
tt0433362,20000000.0,51417188.0
tt0133751,15000000.0,40283786.0
tt0450232,52000000.0,65664721.0
tt13287846,200000000.0,221033011.0
tt8110330,,45171.0
tt0012349,250000.0,41979.0
tt0070666,3000000.0,29857918.0
tt1615065,45000000.0,82966152.0
tt0842926,4000000.0,34758951.0
tt4651520,20000000.0,183936074.0
tt0113627,3600000.0,32029928.0
tt1038919,40000000.0,136333522.0
tt0365737,50000000.0,93974620.0
tt1536537,,27975429.0
tt0092965,35000000.0,22239121.0
tt0453451,25000000.0,232225908.0
tt0112431,30000000.0,254134910.0
tt0227445,68000000.0,113579918.0
tt7737786,34000000.0,52300000.0
tt3410834,110000000.0,179246868.0
tt0397065,40000000.0,68766121.0
tt0230011,120000000.0,186053725.0
tt5758778,125000000.0,304870828.0
tt1616195,35000000.0,84920539.0
tt0257360,30000000.0,105834556.0
tt2884206,1000000.0,481234.0
tt4034354,3000000.0,4935501.0
tt0111070,22000000.0,190539357.0
tt1109624,55000000.0,282463312.0
tt1860213,25000000.0,94073028.0
tt6166392,125000000.0,632302312.0
tt1298649,68000000.0,68267862.0
tt0758730,40000000.0,130290885.0
tt0305357,120000000.0,259175788.0
tt1692486,25000000.0,30032239.0
tt8404614,40000000.0,243711.0
tt2763304,18000000.0,41681746.0
tt0402022,62000000.0,53321673.0
tt0133240,140000000.0,110041363.0
tt2503944,20000000.0,36606743.0
tt14849194,,44313207.0
tt0468492,12215500000.0,89433506.0
tt0361596,6000000.0,222446882.0
tt0040897,3000000.0,5014000.0
tt0431197,70000000.0,87019158.0
tt3967856,50000000.0,2049823.0
tt0117731,45000000.0,146027888.0
tt0120657,160000000.0,61698899.0
tt0265459,12000000.0,52223306.0
tt0373051,60000000.0,244232688.0
tt1937390,4700000.0,13551156.0
tt0309987,15000000.0,24152155.0
tt0075005,2800000.0,60922980.0
tt0338564,6428966.0,8836958.0
tt2265171,4500000.0,6566916.0
tt0055630,,46808.0
tt0480687,36000000.0,86157237.0
tt0104070,55000000.0,149022650.0
tt0295700,12600000.0,28650575.0
tt1862079,750000.0,4424699.0
tt1489887,6000000.0,24959607.0
tt0060827,,90556.0
tt0293508,70000000.0,154674241.0
tt0373883,15000000.0,80460948.0
tt0449010,100000000.0,250425512.0
tt0314353,75000000.0,86468162.0
tt0120890,20000000.0,30166293.0
tt0268695,80000000.0,123729176.0
tt0467197,35000000.0,87066930.0
tt4438848,35000000.0,108007109.0
tt4481414,7000000.0,43069254.0
tt2312718,22000000.0,48449416.0
tt0092644,27000000.0,299965036.0
tt0096446,35000000.0,57270852.0
tt0455824,130000000.0,211788761.0
tt1911644,13000000.0,68572631.0
tt10295212,,
tt1187064,12000000.0,1333377.0
tt1904996,35000000.0,46922566.0
tt1067106,200000000.0,325286646.0
tt0077975,3000000.0,141607219.0
tt0418689,90000000.0,65900249.0
tt0084827,17000000.0,33001784.0
tt0084726,11200000.0,79821685.0
tt0190138,41300000.0,106371651.0
tt0362120,45000000.0,178262620.0
tt0337741,80000000.0,265328738.0
tt0101410,9000000.0,6153939.0
tt0455407,20000000.0,54806823.0
tt0245574,2000000.0,33616692.0
tt0113749,8000000.0,2122561.0
tt1135503,40000000.0,129540522.0
tt0480025,1500000.0,8481254.0
tt1528854,50000000.0,242786137.0
tt8244784,14000000.0,10550350.0
tt1924396,13500000.0,20919703.0
tt0077402,650000.0,159822.0
tt1355630,11000000.0,78274843.0
tt5649144,2000000.0,10954677.0
tt0053198,,191245.0
tt0216216,82000000.0,96085477.0
tt0097351,15000000.0,84431625.0
tt16277242,,1281.0
tt0120632,55000000.0,198685114.0
tt5742374,,9360514.0
tt0365907,28000000.0,58834384.0
tt1228987,20000000.0,27093592.0
tt0074486,10000.0,25141.0
tt1979388,200000000.0,332207671.0
tt0433400,,51024243.0
tt1000774,65000000.0,418769972.0
tt0119303,32000000.0,79082515.0
tt0227538,35000000.0,147934180.0
tt0329101,30000000.0,116643421.0
tt0080487,6000000.0,39918650.0
tt2557478,150000000.0,290930148.0
tt0059800,9000000.0,63607066.0
tt3748172,,
tt0162346,7000000.0,8764389.0
tt0462590,12000000.0,114197742.0
tt6394270,32000000.0,61404394.0
tt1854564,90000000.0,199850315.0
tt7979580,38000000.0,
tt1524137,25000000.0,96262212.0
tt0355295,88000000.0,105316267.0
tt1071875,57000000.0,132563930.0
tt0088128,6500000.0,23686027.0
tt0289992,38000000.0,38955598.0
tt0074119,8500000.0,70600414.0
tt0313737,60000000.0,199043471.0
tt0146838,55000000.0,100230832.0
tt0327554,100000000.0,82402379.0
tt5164432,17000000.0,66719009.0
tt2404233,140000000.0,150680864.0
tt0435651,25000000.0,66980456.0
tt0114388,16000000.0,134582776.0
tt0817230,52000000.0,216528528.0
tt0267913,84000000.0,275679958.0
tt0085959,9000000.0,14949697.0
tt1590193,30000000.0,119942434.0
tt0056801,,199215.0
tt1258197,,394717.0
tt0203019,32000000.0,82343495.0
tt1233227,11000000.0,68234154.0
tt1206543,22000000.0,15661554.0
tt0472062,75000000.0,119483446.0
tt1622979,40000000.0,157887643.0
tt0113492,90000000.0,113493481.0
tt15789038,200000000.0,496444308.0
tt0182789,100000000.0,87423861.0
tt10016180,30000000.0,30842746.0
tt0113855,18000000.0,122195920.0
tt0164184,68000000.0,193921372.0
tt0113118,3500000.0,28215918.0
tt14138650,72000000.0,
tt10151854,125000000.0,134038006.0
tt1389072,68000000.0,55003890.0
tt0822847,60000000.0,78309505.0
tt0119395,60000000.0,159330280.0
tt10189514,150000000.0,
tt0223897,40000000.0,55707411.0
tt0137494,66000000.0,212404396.0
tt1201167,75000000.0,71585235.0
tt0430357,135000000.0,163794509.0
tt0117218,54000000.0,273961019.0
tt4501244,38000000.0,118102725.0
tt10298810,200000000.0,226425420.0
tt3846674,,
tt1259528,30000000.0,80509622.0
tt0256415,30000000.0,180622424.0
tt1821549,12000000.0,27682872.0
tt0486946,,253625427.0
tt1615160,35000000.0,145418070.0
tt0112740,53000000.0,157387195.0
tt0250687,48000000.0,85498534.0
tt2404311,30000000.0,78418811.0
tt0397101,43000000.0,93983911.0
tt0490215,46000000.0,23834809.0
tt1408253,25000000.0,154468902.0
tt0405508,,10800778.0
tt0317198,40000000.0,265126918.0
tt0129290,90000000.0,202292902.0
tt10676048,220000000.0,206124109.0
tt1025100,138000000.0,173469516.0
tt0102510,23000000.0,86930411.0
tt2567026,170000000.0,299820798.0
tt1023114,30000000.0,24172201.0
tt0422720,40000000.0,60917189.0
tt0071360,1600000.0,4699252.0
tt1179034,52000000.0,52844496.0
tt2139881,40000000.0,53873809.0
tt1524930,31000000.0,107228221.0
tt3606752,175000000.0,383930656.0
tt0031679,1900000.0,145941.0
tt0240890,28000000.0,77516304.0
tt0907657,150000.0,20939022.0
tt0055614,6000000.0,44134757.0
tt0795368,9000000.0,46789413.0
tt0112461,2000000.0,2402438.0
tt0104694,40000000.0,132440069.0
tt0200550,45000000.0,113916474.0
tt0421073,20000000.0,66476363.0
tt0169102,250000000.0,1724806.0
tt0061418,2500000.0,1004.0
tt0064665,3600000.0,44802577.0
tt1067583,38000000.0,117094902.0
tt0105112,45000000.0,178051587.0
tt0082010,10000000.0,30800631.0
tt0085995,15000000.0,61418362.0
tt0467200,35000000.0,78201830.0
tt1327773,30000000.0,177313795.0
tt8721424,55000000.0,112777.0
tt0070379,500000.0,61676.0
tt9411972,24000000.0,144353965.0
tt7401588,48000000.0,120989830.0
tt0218967,60000000.0,124745083.0
tt0366627,29000000.0,21733230.0
tt2381991,115000000.0,164989338.0
tt5638642,,1785977.0
tt0348836,40000000.0,141591324.0
tt0068473,2000000.0,4550.0
tt0970866,100000000.0,310650585.0
tt2400463,,354835.0
tt0110478,75000000.0,183031272.0
tt0085794,20000000.0,2537183.0
tt11233960,,13062.0
tt1307068,10000000.0,11681781.0
tt0419706,60000000.0,58072119.0
tt17663992,35000000.0,168961389.0
tt4777008,185000000.0,491730089.0
tt1517260,40000000.0,63365859.0
tt0015864,923000.0,31490.0
tt1547234,35000000.0,31083599.0
tt3195644,10000000.0,112983889.0
tt5433140,340000000.0,704875015.0
tt0087884,1162000.0,2274285.0
tt0116213,100000000.0,242295562.0
tt1981128,120000000.0,221900160.0
tt1602613,4800000.0,10658332.0
tt1956620,40000000.0,126069509.0
tt2671706,24000000.0,64414761.0
tt1315981,7000000.0,24964890.0
tt1924429,20000000.0,24261569.0
tt0099871,25000000.0,26118851.0
tt2494362,1800000.0,382579.0
tt1656190,30000000.0,41564670.0
tt9243804,15000000.0,18887953.0
tt0115433,75000000.0,320689294.0
tt0287467,,64826117.0
tt0097239,7500000.0,145793296.0
tt0062512,9500000.0,43115913.0
tt0384806,19000000.0,107516369.0
tt1114740,26000000.0,183348429.0
tt0425123,58000000.0,102854431.0
tt2304933,38000000.0,109906372.0
tt0405296,8700000.0,7659918.0
tt0091605,30000000000.0,7153487.0
tt1142977,39000000.0,84247681.0
tt0064276,360000.0,123756.0
tt0758746,19000000.0,91509154.0
tt0168629,12800000.0,40061153.0
tt0146675,100000000.0,211989043.0
tt0460791,30000000.0,3669465.0
tt0404203,26000000.0,14821658.0
tt1921064,100000000.0,117831631.0
tt0368008,80000000.0,96105910.0
tt0094862,9000000.0,44196684.0
tt0102059,26000000.0,181096164.0
tt0286499,3500159.0,76585951.0
tt0096061,32000000.0,60329560.0
tt1188996,12000000.0,42345360.0
tt14208870,40000000.0,45646884.0
tt0385004,100000000.0,92863945.0
tt0929632,10000000.0,63649529.0
tt0076752,13500000.0,46876386.0
tt1702439,28000000.0,97594140.0
tt0116705,60000000.0,129832389.0
tt1131729,50000000.0,36352467.0
tt0104348,12500000.0,10726612.0
tt0436697,9800000.0,124925340.0
tt0367959,75000000.0,82169884.0
tt1486185,42000000.0,90260376.0
tt1450321,5000000.0,8490396.0
tt0096969,14000000.0,161001698.0
tt0277371,15000000.0,66468985.0
tt0186151,31000000.0,68106245.0
tt0083929,4500000.0,27093151.0
tt0465580,38000000.0,48858618.0
tt0097493,3000000.0,1165467.0
tt0901476,30000000.0,115375850.0
tt0070328,7000000.0,35384098.0
tt0090555,8800000.0,328203506.0
tt0283111,5000000.0,38275483.0
tt0365830,20000000.0,13939963.0
tt0406375,65000000.0,65079104.0
tt1063669,5000000.0,32350637.0
tt2199571,50000000.0,71661644.0
tt0243133,20000000.0,18918721.0
tt1144884,40000000.0,186167139.0
tt0098084,11500000.0,57470138.0
tt1078940,70000000.0,171844840.0
tt0050986,,60418.0
tt0084805,21000000.0,177200271.0
tt0065421,4000000.0,35461460.0
tt0081573,54000000.0,216385706.0
tt15679400,20000000.0,54760947.0
tt1682180,12000000.0,12077441.0
tt1985966,78000000.0,274325949.0
tt6048922,50300000.0,
tt0120889,85000000.0,55382927.0
tt0445922,45000000.0,29625761.0
tt0044081,1800000.0,51836.0
tt4849438,2500000000.0,254158390.0
tt0119164,3500000.0,257938649.0
tt0066995,7200000.0,43830091.0
tt0390384,7000.0,545436.0
tt3717490,100000000.0,142337240.0
tt0114924,17000000.0,182057016.0
tt0236493,57000000.0,147845033.0
tt1327194,25000000.0,99357138.0
tt0790686,35000000.0,78094714.0
tt1007029,13000000.0,115890792.0
tt0106611,14000000.0,154856263.0
tt0340163,52000000.0,77663556.0
tt0107206,40000000.0,176997168.0
tt0098439,55000000.0,63408614.0
tt0120873,60000000.0,102367405.0
tt4686844,13000000.0,24646055.0
tt0338337,60000000.0,117248958.0
tt0390521,65000.0,20645757.0
tt1438176,30000000.0,41002607.0
tt8503618,,
tt0071807,7000000.0,20972444.0
tt2548396,45000000.0,
tt0247745,3000000.0,23182223.0
tt0086034,27500000.0,67917359.0
tt0070034,850000.0,114576.0
tt7599146,14600000.0,250570396.0
tt0159273,40000000.0,91753202.0
tt0099700,50000000.0,41483050.0
tt1488589,35000000.0,109846.0
tt0300471,50000000.0,88323487.0
tt10545296,100000000.0,337371917.0
tt0185431,85000000.0,58292295.0
tt0870111,25000000.0,27426335.0
tt0120184,80000000.0,37020277.0
tt4572514,45000000.0,52185751.0
tt0889573,19000000.0,49843011.0
tt0097216,6500000.0,37295445.0
tt1333125,6000000.0,32443111.0
tt0230030,48000000.0,90383208.0
tt0025316,325000.0,14729.0
tt1433108,24000000.0,35626958.0
tt1509767,75000000.0,132274484.0
tt1397514,79000000.0,335288576.0
tt0097742,32000000.0,156167015.0
tt0102266,43000000.0,59509925.0
tt0118615,45000000.0,136885767.0
tt1038686,26000000.0,67918658.0
tt0213847,,14493284.0
tt1172049,10000000.0,4366460.0
tt0780653,150000000.0,139789765.0
tt0110622,30000000.0,51132598.0
tt14230388,25000000.0,53857743.0
tt1567609,20000000.0,8826837.0
tt6277462,4100000000.0,50164785.0
tt1073498,30000000.0,85897593.0
tt0292963,18000000.0,25038466.0
tt17024450,70000000.0,191067560.0
tt1478964,13000000.0,6206022.0
tt2224026,135000000.0,386041607.0
tt0093389,23000000.0,43994979.0
tt4465564,55000000.0,381545846.0
tt2870612,5000000.0,41898409.0
tt13238346,,38774836.0
tt0396555,150000000.0,169333034.0
tt3381008,35000000.0,27979040.0
tt0426931,30000000.0,66122026.0
tt0427152,69000000.0,86855739.0
tt0113101,4000000.0,4257354.0
tt0475276,15000000.0,76700659.0
tt0373926,80000000.0,162944923.0
tt1386932,,15089448.0
tt0118689,18000000.0,251212670.0
tt0462504,10000000.0,7177143.0
tt1053424,32000000.0,18409891.0
tt1216492,19000000.0,32686500.0
tt22687790,60000000.0,122290456.0
tt1791528,20000000.0,14810975.0
tt0086567,12000000.0,79567667.0
tt0095647,15000000.0,34603943.0
tt0080120,4000000.0,22495288.0
tt0401383,,19780116.0
tt17009710,6200000.0,35528606.0
tt0108394,,1505038.0
tt6189022,40000000.0,146661977.0
tt5813916,2000000.0,11378898.0
tt0409182,160000000.0,181674817.0
tt0120902,66000000.0,189176423.0
tt0044706,730000.0,217.0
tt0393109,475000.0,3947579.0
tt1379182,,689077.0
tt0861739,4000000.0,14759148.0
tt0351977,46000000.0,57223890.0
tt4094724,10000000.0,118587880.0
tt0111495,,3634446.0
tt1618442,90000000.0,146936910.0
tt1536044,3000000.0,177512032.0
tt0052311,829000.0,2285063.0
tt0799949,20000000.0,87238158.0
tt1477076,20000000.0,136151680.0
